Gene_Name,Sample_1.hi,Sample_2.hi,Sample_3.hi
Gene_a,4.809882,4.462476,3.539506
Gene_b,4.665849,5.597727,3.54579
Gene_c,3.675578,3.444438,3.468934
Gene_d,5.132539,4.839964,3.800771
Gene_e,8.882293,9.913441,9.441016
Gene_f,9.30839,10.614094,11.4402
Gene_g,8.203687,11.33406,10.600226
Gene_h,11.012924,10.731669,8.011221